timestamp,value,label
1517443200,30,Fear
1517529600,15,Extreme Fear
1517616000,40,Fear
1517702400,24,Extreme Fear
1517788800,11,Extreme Fear
1517875200,8,Extreme Fear
1517961600,36,Fear
1518048000,30,Fear
1518134400,44,Fear
1518220800,54,Neutral
1518307200,31,Fear
1518393600,42,Fear
1518480000,35,Fear
1518566400,55,Greed
1518652800,71,Greed
1518739200,67,Greed
1518825600,74,Greed
1518912000,63,Greed
1518998400,67,Greed
1519084800,74,Greed
1519171200,54,Neutral
1519257600,44,Fear
1519344000,39,Fear
1519430400,31,Fear
1519516800,33,Fear
1519603200,37,Fear
1519689600,44,Fear
1519776000,41,Fear
1519862400,38,Fear
1519948800,47,Neutral
1520035200,56,Greed
1520121600,44,Fear
1520208000,55,Greed
1520294400,59,Greed
1520380800,37,Fear
1520467200,39,Fear
1520553600,37,Fear
1520640000,39,Fear
1520726400,40,Fear
1520812800,41,Fear
1520899200,41,Fear
1520985600,40,Fear
1521072000,32,Fear
1521158400,33,Fear
1521244800,31,Fear
1521331200,29,Fear
1521417600,29,Fear
1521504000,37,Fear
1521590400,36,Fear
1521676800,36,Fear
1521763200,28,Fear
1521849600,32,Fear
1521936000,30,Fear
1522022400,31,Fear
1522108800,24,Extreme Fear
1522195200,24,Extreme Fear
1522281600,18,Extreme Fear
1522368000,12,Extreme Fear
1522454400,16,Extreme Fear
1522540800,16,Extreme Fear
1522627200,11,Extreme Fear
1522713600,22,Extreme Fear
1522800000,22,Extreme Fear
1522886400,17,Extreme Fear
1522972800,19,Extreme Fear
1523059200,20,Extreme Fear
1523145600,17,Extreme Fear
1523232000,21,Extreme Fear
1523318400,18,Extreme Fear
1523404800,20,Extreme Fear
1523491200,18,Extreme Fear
1523577600,23,Extreme Fear
1523923200,26,Fear
1524009600,24,Extreme Fear
1524096000,25,Extreme Fear
1524182400,26,Fear
1524268800,32,Fear
1524355200,31,Fear
1524441600,28,Fear
1524528000,29,Fear
1524614400,64,Greed
1524700800,47,Neutral
1524787200,55,Greed
1524873600,54,Neutral
1524960000,61,Greed
1525046400,59,Greed
1525132800,56,Greed
1525219200,52,Neutral
1525305600,55,Greed
1525392000,56,Greed
1525478400,63,Greed
1525564800,67,Greed
1525651200,56,Greed
1525737600,62,Greed
1525824000,53,Neutral
1525910400,63,Greed
1525996800,41,Fear
1526083200,44,Fear
1526169600,40,Fear
1526256000,40,Fear
1526342400,40,Fear
1526428800,32,Fear
1526515200,31,Fear
1526601600,37,Fear
1526688000,31,Fear
1526774400,32,Fear
1526860800,41,Fear
1526947200,30,Fear
1527033600,26,Fear
1527120000,27,Fear
1527206400,25,Extreme Fear
1527292800,23,Extreme Fear
1527379200,19,Extreme Fear
1527465600,22,Extreme Fear
1527552000,16,Extreme Fear
1527638400,38,Fear
1527724800,25,Extreme Fear
1527811200,24,Extreme Fear
1527897600,27,Fear
1527984000,40,Fear
1528070400,41,Fear
1528156800,26,Fear
1528243200,42,Fear
1528329600,38,Fear
1528416000,40,Fear
1528502400,39,Fear
1528588800,24,Extreme Fear
1528675200,15,Extreme Fear
1528761600,19,Extreme Fear
1528848000,19,Extreme Fear
1528934400,17,Extreme Fear
1529020800,26,Fear
1529107200,22,Extreme Fear
1529193600,23,Extreme Fear
1529280000,27,Fear
1529366400,32,Fear
1529452800,34,Fear
1529539200,37,Fear
1529625600,28,Fear
1529712000,17,Extreme Fear
1529798400,15,Extreme Fear
1529884800,16,Extreme Fear
1529971200,21,Extreme Fear
1530057600,18,Extreme Fear
1530144000,20,Extreme Fear
1530230400,16,Extreme Fear
1530316800,22,Extreme Fear
1530403200,27,Fear
1530489600,27,Fear
1530576000,31,Fear
1530662400,33,Fear
1530748800,37,Fear
1530835200,34,Fear
1530921600,34,Fear
1531008000,38,Fear
1531094400,39,Fear
1531180800,37,Fear
1531267200,29,Fear
1531353600,33,Fear
1531440000,29,Fear
1531526400,29,Fear
1531612800,32,Fear
1531699200,36,Fear
1531785600,39,Fear
1531872000,42,Fear
1531958400,44,Fear
1532044800,47,Neutral
1532131200,43,Fear
1532217600,46,Fear
1532304000,44,Fear
1532390400,49,Neutral
1532476800,54,Neutral
1532563200,53,Neutral
1532649600,47,Neutral
1532736000,54,Neutral
1532822400,54,Neutral
1532908800,53,Neutral
1532995200,48,Neutral
1533081600,39,Fear
1533168000,39,Fear
1533254400,36,Fear
1533340800,31,Fear
1533427200,23,Extreme Fear
1533513600,25,Extreme Fear
1533600000,25,Extreme Fear
1533686400,23,Extreme Fear
1533772800,19,Extreme Fear
1533859200,21,Extreme Fear
1533945600,18,Extreme Fear
1534032000,18,Extreme Fear
1534118400,21,Extreme Fear
1534204800,16,Extreme Fear
1534291200,18,Extreme Fear
1534377600,21,Extreme Fear
1534464000,19,Extreme Fear
1534550400,24,Extreme Fear
1534636800,27,Fear
1534723200,26,Fear
1534809600,19,Extreme Fear
1534896000,21,Extreme Fear
1534982400,18,Extreme Fear
1535068800,19,Extreme Fear
1535155200,22,Extreme Fear
1535241600,19,Extreme Fear
1535328000,18,Extreme Fear
1535414400,19,Extreme Fear
1535500800,19,Extreme Fear
1535587200,22,Extreme Fear
1535673600,17,Extreme Fear
1535760000,21,Extreme Fear
1535846400,18,Extreme Fear
1535932800,19,Extreme Fear
1536019200,26,Fear
1536105600,17,Extreme Fear
1536192000,14,Extreme Fear
1536278400,17,Extreme Fear
1536364800,18,Extreme Fear
1536451200,13,Extreme Fear
1536537600,15,Extreme Fear
1536624000,18,Extreme Fear
1536710400,14,Extreme Fear
1536796800,20,Extreme Fear
1536883200,23,Extreme Fear
1536969600,24,Extreme Fear
1537056000,28,Fear
1537142400,25,Extreme Fear
1537228800,21,Extreme Fear
1537315200,24,Extreme Fear
1537401600,24,Extreme Fear
1537488000,31,Fear
1537574400,35,Fear
1537660800,38,Fear
1537747200,43,Fear
1537833600,37,Fear
1537920000,37,Fear
1538006400,42,Fear
1538092800,42,Fear
1538179200,37,Fear
1538265600,34,Fear
1538352000,35,Fear
1538438400,33,Fear
1538524800,36,Fear
1538611200,29,Fear
1538697600,37,Fear
1538784000,34,Fear
1538870400,29,Fear
1538956800,26,Fear
1539043200,31,Fear
1539129600,28,Fear
1539216000,19,Extreme Fear
1539302400,13,Extreme Fear
1539388800,15,Extreme Fear
1539475200,18,Extreme Fear
1539561600,20,Extreme Fear
1539648000,24,Extreme Fear
1539734400,23,Extreme Fear
1539820800,26,Fear
1539907200,24,Extreme Fear
1539993600,21,Extreme Fear
1540080000,21,Extreme Fear
1540166400,27,Fear
1540252800,24,Extreme Fear
1540339200,23,Extreme Fear
1540425600,25,Extreme Fear
1540512000,29,Fear
1540598400,33,Fear
1540684800,35,Fear
1540771200,34,Fear
1540857600,31,Fear
1540944000,32,Fear
1541030400,29,Fear
1541116800,36,Fear
1541203200,36,Fear
1541289600,41,Fear
1541376000,42,Fear
1541462400,42,Fear
1541548800,48,Neutral
1541635200,51,Neutral
1541721600,47,Neutral
1541808000,52,Neutral
1541894400,54,Neutral
1541980800,52,Neutral
1542067200,56,Greed
1542153600,49,Neutral
1542240000,28,Fear
1542326400,23,Extreme Fear
1542412800,24,Extreme Fear
1542499200,26,Fear
1542585600,28,Fear
1542672000,21,Extreme Fear
1542758400,15,Extreme Fear
1542844800,14,Extreme Fear
1542931200,12,Extreme Fear
1543017600,15,Extreme Fear
1543104000,9,Extreme Fear
1543190400,17,Extreme Fear
1543276800,11,Extreme Fear
1543363200,14,Extreme Fear
1543449600,18,Extreme Fear
1543536000,19,Extreme Fear
1543622400,13,Extreme Fear
1543708800,15,Extreme Fear
1543795200,17,Extreme Fear
1543881600,12,Extreme Fear
1543968000,19,Extreme Fear
1544054400,13,Extreme Fear
1544140800,11,Extreme Fear
1544227200,11,Extreme Fear
1544313600,14,Extreme Fear
1544400000,19,Extreme Fear
1544486400,15,Extreme Fear
1544572800,14,Extreme Fear
1544659200,14,Extreme Fear
1544745600,10,Extreme Fear
1544832000,11,Extreme Fear
1544918400,13,Extreme Fear
1545004800,17,Extreme Fear
1545091200,23,Extreme Fear
1545177600,21,Extreme Fear
1545264000,27,Fear
1545350400,35,Fear
1545436800,28,Fear
1545523200,31,Fear
1545609600,25,Extreme Fear
1545696000,33,Fear
1545782400,26,Fear
1545868800,29,Fear
1545955200,21,Extreme Fear
1546041600,24,Extreme Fear
1546128000,23,Extreme Fear
1546214400,26,Fear
1546300800,24,Extreme Fear
1546387200,30,Fear
1546473600,33,Fear
1546560000,48,Neutral
1546646400,36,Fear
1546732800,31,Fear
1546819200,39,Fear
1546905600,39,Fear
1546992000,42,Fear
1547078400,37,Fear
1547164800,19,Extreme Fear
1547251200,22,Extreme Fear
1547337600,21,Extreme Fear
1547424000,16,Extreme Fear
1547510400,27,Fear
1547596800,24,Extreme Fear
1547683200,28,Fear
1547769600,29,Fear
1547856000,31,Fear
1547942400,35,Fear
1548028800,30,Fear
1548115200,27,Fear
1548201600,33,Fear
1548288000,37,Fear
1548374400,35,Fear
1548460800,41,Fear
1548547200,39,Fear
1548633600,35,Fear
1548720000,21,Extreme Fear
1548806400,22,Extreme Fear
1548892800,17,Extreme Fear
1548979200,23,Extreme Fear
1549065600,22,Extreme Fear
1549152000,19,Extreme Fear
1549238400,27,Fear
1549324800,21,Extreme Fear
1549411200,14,Extreme Fear
1549497600,18,Extreme Fear
1549584000,37,Fear
1549670400,42,Fear
1549756800,40,Fear
1549843200,46,Fear
1549929600,38,Fear
1550016000,48,Neutral
1550102400,48,Neutral
1550188800,43,Fear
1550275200,43,Fear
1550361600,38,Fear
1550448000,63,Greed
1550534400,65,Greed
1550620800,59,Greed
1550707200,59,Greed
1550793600,61,Greed
1550880000,63,Greed
1550966400,69,Greed
1551052800,47,Neutral
1551139200,40,Fear
1551225600,39,Fear
1551312000,39,Fear
1551398400,42,Fear
1551484800,41,Fear
1551571200,44,Fear
1551657600,36,Fear
1551744000,35,Fear
1551830400,42,Fear
1551916800,56,Greed
1552003200,54,Neutral
1552089600,55,Greed
1552176000,55,Greed
1552262400,56,Greed
1552348800,56,Greed
1552435200,54,Neutral
1552521600,55,Greed
1552608000,55,Greed
1552694400,54,Neutral
1552780800,58,Greed
1552867200,56,Greed
1552953600,56,Greed
1553040000,55,Greed
1553126400,62,Greed
1553212800,56,Greed
1553299200,50,Neutral
1553385600,44,Fear
1553472000,46,Fear
1553558400,43,Fear
1553644800,44,Fear
1553731200,49,Neutral
1553817600,50,Neutral
1553904000,57,Greed
1553990400,56,Greed
1554076800,62,Greed
1554163200,60,Greed
1554249600,71,Greed
1554336000,61,Greed
1554422400,59,Greed
1554508800,65,Greed
1554595200,69,Greed
1554681600,65,Greed
1554768000,64,Greed
1554854400,62,Greed
1554940800,65,Greed
1555027200,42,Fear
1555113600,62,Greed
1555200000,51,Neutral
1555286400,60,Greed
1555372800,50,Neutral
1555459200,61,Greed
1555545600,64,Greed
1555632000,61,Greed
1555718400,62,Greed
1555804800,62,Greed
1555891200,61,Greed
1555977600,68,Greed
1556064000,65,Greed
1556150400,58,Greed
1556236800,41,Fear
1556323200,42,Fear
1556409600,40,Fear
1556496000,42,Fear
1556582400,42,Fear
1556668800,51,Neutral
1556755200,50,Neutral
1556841600,63,Greed
1556928000,66,Greed
1557014400,67,Greed
1557100800,57,Greed
1557187200,69,Greed
1557273600,63,Greed
1557360000,69,Greed
1557446400,71,Greed
1557532800,76,Extreme Greed
1557619200,75,Greed
1557705600,78,Extreme Greed
1557792000,78,Extreme Greed
1557878400,77,Extreme Greed
1557964800,75,Greed
1558051200,65,Greed
1558137600,67,Greed
1558224000,70,Greed
1558310400,73,Greed
1558396800,68,Greed
1558483200,69,Greed
1558569600,65,Greed
1558656000,64,Greed
1558742400,69,Greed
1558828800,67,Greed
1558915200,70,Greed
1559001600,71,Greed
1559088000,71,Greed
1559174400,73,Greed
1559260800,61,Greed
1559347200,62,Greed
1559433600,63,Greed
1559520000,66,Greed
1559606400,42,Fear
1559692800,27,Fear
1559779200,34,Fear
1559865600,27,Fear
1559952000,62,Greed
1560038400,62,Greed
1560124800,46,Fear
1560211200,61,Greed
1560297600,60,Greed
1560384000,63,Greed
1560470400,67,Greed
1560556800,75,Greed
1560643200,80,Extreme Greed
1560729600,84,Extreme Greed
1560816000,83,Extreme Greed
1560902400,82,Extreme Greed
1560988800,81,Extreme Greed
1561075200,84,Extreme Greed
1561161600,83,Extreme Greed
1561248000,84,Extreme Greed
1561334400,80,Extreme Greed
1561420800,87,Extreme Greed
1561507200,95,Extreme Greed
1561593600,92,Extreme Greed
1561680000,62,Greed
1561766400,74,Greed
1561852800,78,Extreme Greed
1561939200,65,Greed
1562025600,63,Greed
1562112000,79,Extreme Greed
1562198400,76,Extreme Greed
1562284800,67,Greed
1562371200,72,Greed
1562457600,67,Greed
1562544000,74,Greed
1562630400,84,Extreme Greed
1562716800,83,Extreme Greed
1562803200,62,Greed
1562889600,33,Fear
1562976000,65,Greed
1563062400,61,Greed
1563148800,16,Extreme Fear
1563235200,34,Fear
1563321600,19,Extreme Fear
1563408000,40,Fear
1563494400,42,Fear
1563580800,34,Fear
1563667200,42,Fear
1563753600,42,Fear
1563840000,40,Fear
1563926400,20,Extreme Fear
1564012800,42,Fear
1564099200,24,Extreme Fear
1564185600,47,Neutral
1564272000,16,Extreme Fear
1564358400,19,Extreme Fear
1564444800,22,Extreme Fear
1564531200,31,Fear
1564617600,57,Greed
1564704000,61,Greed
1564790400,61,Greed
1564876800,62,Greed
1564963200,64,Greed
1565049600,66,Greed
1565136000,45,Fear
1565222400,61,Greed
1565308800,60,Greed
1565395200,59,Greed
1565481600,45,Fear
1565568000,48,Neutral
1565654400,45,Fear
1565740800,11,Extreme Fear
1565827200,13,Extreme Fear
1565913600,31,Fear
1566000000,20,Extreme Fear
1566086400,14,Extreme Fear
1566172800,30,Fear
1566259200,39,Fear
1566345600,11,Extreme Fear
1566432000,5,Extreme Fear
1566518400,33,Fear
1566604800,39,Fear
1566691200,33,Fear
1566777600,41,Fear
1566864000,30,Fear
1566950400,32,Fear
1567036800,20,Extreme Fear
1567123200,24,Extreme Fear
1567209600,20,Extreme Fear
1567296000,24,Extreme Fear
1567382400,28,Fear
1567468800,41,Fear
1567555200,43,Fear
1567641600,41,Fear
1567728000,43,Fear
1567814400,39,Fear
1567900800,43,Fear
1567987200,41,Fear
1568073600,41,Fear
1568160000,38,Fear
1568246400,39,Fear
1568332800,38,Fear
1568419200,39,Fear
1568505600,38,Fear
1568592000,38,Fear
1568678400,41,Fear
1568764800,38,Fear
1568851200,31,Fear
1568937600,41,Fear
1569024000,37,Fear
1569110400,37,Fear
1569196800,41,Fear
1569283200,39,Fear
1569369600,15,Extreme Fear
1569456000,12,Extreme Fear
1569542400,24,Extreme Fear
1569628800,32,Fear
1569715200,33,Fear
1569801600,27,Fear
1569888000,38,Fear
1569974400,39,Fear
1570060800,37,Fear
1570147200,30,Fear
1570233600,31,Fear
1570320000,32,Fear
1570406400,27,Fear
1570492800,39,Fear
1570579200,37,Fear
1570665600,41,Fear
1570752000,39,Fear
1570838400,38,Fear
1570924800,38,Fear
1571011200,37,Fear
1571097600,39,Fear
1571184000,40,Fear
1571270400,40,Fear
1571356800,40,Fear
1571443200,41,Fear
1571529600,37,Fear
1571616000,37,Fear
1571702400,39,Fear
1571788800,33,Fear
1571875200,20,Extreme Fear
1571961600,24,Extreme Fear
1572048000,53,Neutral
1572134400,50,Neutral
1572220800,52,Neutral
1572307200,54,Neutral
1572393600,53,Neutral
1572480000,50,Neutral
1572566400,49,Neutral
1572652800,51,Neutral
1572739200,56,Greed
1572825600,49,Neutral
1572912000,54,Neutral
1572998400,53,Neutral
1573084800,54,Neutral
1573171200,42,Fear
1573257600,38,Fear
1573344000,39,Fear
1573430400,40,Fear
1573516800,39,Fear
1573603200,38,Fear
1573689600,41,Fear
1573776000,38,Fear
1573862400,41,Fear
1573948800,38,Fear
1574035200,38,Fear
1574121600,32,Fear
1574208000,32,Fear
1574294400,30,Fear
1574380800,20,Extreme Fear
1574467200,23,Extreme Fear
1574553600,21,Extreme Fear
1574640000,17,Extreme Fear
1574726400,21,Extreme Fear
1574812800,20,Extreme Fear
1574899200,32,Fear
1574985600,31,Fear
1575072000,38,Fear
1575158400,25,Extreme Fear
1575244800,28,Fear
1575331200,28,Fear
1575417600,24,Extreme Fear
1575504000,21,Extreme Fear
1575590400,29,Fear
1575676800,32,Fear
1575763200,28,Fear
1575849600,32,Fear
1575936000,26,Fear
1576022400,20,Extreme Fear
1576108800,23,Extreme Fear
1576195200,22,Extreme Fear
1576281600,27,Fear
1576368000,21,Extreme Fear
1576454400,24,Extreme Fear
1576540800,23,Extreme Fear
1576627200,15,Extreme Fear
1576713600,21,Extreme Fear
1576800000,23,Extreme Fear
1576886400,23,Extreme Fear
1576972800,20,Extreme Fear
1577059200,33,Fear
1577145600,25,Extreme Fear
1577232000,22,Extreme Fear
1577318400,39,Fear
1577404800,38,Fear
1577491200,37,Fear
1577577600,37,Fear
1577664000,40,Fear
1577750400,38,Fear
1577836800,37,Fear
1577923200,39,Fear
1578009600,38,Fear
1578096000,38,Fear
1578182400,39,Fear
1578268800,41,Fear
1578355200,40,Fear
1578441600,51,Neutral
1578528000,44,Fear
1578614400,41,Fear
1578700800,50,Neutral
1578787200,45,Fear
1578873600,49,Neutral
1578960000,56,Greed
1579046400,54,Neutral
1579132800,55,Greed
1579219200,54,Neutral
1579305600,51,Neutral
1579392000,53,Neutral
1579478400,48,Neutral
1579564800,49,Neutral
1579651200,52,Neutral
1579737600,49,Neutral
1579824000,40,Fear
1579910400,41,Fear
1579996800,42,Fear
1580083200,50,Neutral
1580169600,54,Neutral
1580256000,57,Greed
1580342400,57,Greed
1580428800,55,Greed
1580515200,57,Greed
1580601600,57,Greed
1580688000,59,Greed
1580774400,56,Greed
1580860800,53,Neutral
1580947200,61,Greed
1581033600,56,Greed
1581120000,56,Greed
1581206400,56,Greed
1581292800,57,Greed
1581379200,52,Neutral
1581465600,61,Greed
1581552000,65,Greed
1581638400,63,Greed
1581724800,64,Greed
1581811200,59,Greed
1581897600,49,Neutral
1581984000,53,Neutral
1582070400,50,Neutral
1582156800,44,Fear
1582243200,44,Fear
1582329600,43,Fear
1582416000,46,Fear
1582502400,46,Fear
1582588800,44,Fear
1582675200,41,Fear
1582761600,39,Fear
1582848000,40,Fear
1582934400,38,Fear
1583020800,39,Fear
1583107200,38,Fear
1583193600,38,Fear
1583280000,40,Fear
1583366400,41,Fear
1583452800,39,Fear
1583539200,38,Fear
1583625600,33,Fear
1583712000,17,Extreme Fear
1583798400,16,Extreme Fear
1583884800,17,Extreme Fear
1583971200,14,Extreme Fear
1584057600,10,Extreme Fear
1584144000,8,Extreme Fear
1584230400,12,Extreme Fear
1584316800,9,Extreme Fear
1584403200,8,Extreme Fear
1584489600,11,Extreme Fear
1584576000,12,Extreme Fear
1584662400,9,Extreme Fear
1584748800,9,Extreme Fear
1584835200,11,Extreme Fear
1584921600,10,Extreme Fear
1585008000,12,Extreme Fear
1585094400,13,Extreme Fear
1585180800,14,Extreme Fear
1585267200,12,Extreme Fear
1585353600,8,Extreme Fear
1585440000,12,Extreme Fear
1585526400,10,Extreme Fear
1585612800,12,Extreme Fear
1585699200,12,Extreme Fear
1585785600,14,Extreme Fear
1585872000,14,Extreme Fear
1585958400,12,Extreme Fear
1586044800,12,Extreme Fear
1586131200,12,Extreme Fear
1586217600,20,Extreme Fear
1586304000,21,Extreme Fear
1586390400,22,Extreme Fear
1586476800,15,Extreme Fear
1586563200,15,Extreme Fear
1586649600,10,Extreme Fear
1586736000,11,Extreme Fear
1586822400,15,Extreme Fear
1586908800,18,Extreme Fear
1586995200,13,Extreme Fear
1587081600,15,Extreme Fear
1587168000,18,Extreme Fear
1587254400,16,Extreme Fear
1587340800,15,Extreme Fear
1587427200,17,Extreme Fear
1587513600,19,Extreme Fear
1587600000,19,Extreme Fear
1587686400,20,Extreme Fear
1587772800,24,Extreme Fear
1587859200,21,Extreme Fear
1587945600,28,Fear
1588032000,26,Fear
1588118400,26,Fear
1588204800,44,Fear
1588291200,40,Fear
1588377600,40,Fear
1588464000,45,Fear
1588550400,44,Fear
1588636800,40,Fear
1588723200,42,Fear
1588809600,49,Neutral
1588896000,55,Greed
1588982400,56,Greed
1589068800,48,Neutral
1589155200,40,Fear
1589241600,39,Fear
1589328000,41,Fear
1589414400,40,Fear
1589500800,44,Fear
1589587200,41,Fear
1589673600,40,Fear
1589760000,50,Neutral
1589846400,50,Neutral
1589932800,52,Neutral
1590019200,49,Neutral
1590105600,42,Fear
1590192000,40,Fear
1590278400,43,Fear
1590364800,41,Fear
1590451200,39,Fear
1590537600,39,Fear
1590624000,41,Fear
1590710400,48,Neutral
1590796800,48,Neutral
1590883200,51,Neutral
1590969600,50,Neutral
1591056000,56,Greed
1591142400,48,Neutral
1591228800,54,Neutral
1591315200,53,Neutral
1591401600,54,Neutral
1591488000,54,Neutral
1591574400,53,Neutral
1591660800,52,Neutral
1591747200,54,Neutral
1591833600,52,Neutral
1591920000,38,Fear
1592006400,38,Fear
1592092800,40,Fear
1592179200,37,Fear
1592265600,39,Fear
1592352000,38,Fear
1592438400,40,Fear
1592524800,39,Fear
1592611200,38,Fear
1592697600,37,Fear
1592784000,38,Fear
1592870400,41,Fear
1592956800,50,Neutral
1593043200,43,Fear
1593129600,40,Fear
1593216000,43,Fear
1593302400,40,Fear
1593388800,41,Fear
1593475200,44,Fear
1593561600,42,Fear
1593648000,42,Fear
1593734400,41,Fear
1593820800,40,Fear
1593907200,38,Fear
1593993600,40,Fear
1594080000,43,Fear
1594166400,44,Fear
1594252800,44,Fear
1594339200,41,Fear
1594425600,44,Fear
1594512000,41,Fear
1594598400,43,Fear
1594684800,43,Fear
1594771200,44,Fear
1594857600,43,Fear
1594944000,41,Fear
1595030400,44,Fear
1595116800,41,Fear
1595203200,44,Fear
1595289600,44,Fear
1595376000,50,Neutral
1595462400,55,Greed
1595548800,53,Neutral
1595635200,55,Greed
1595721600,55,Greed
1595808000,58,Greed
1595894400,76,Extreme Greed
1595980800,71,Greed
1596067200,76,Extreme Greed
1596153600,75,Greed
1596240000,75,Greed
1596326400,80,Extreme Greed
1596412800,75,Greed
1596499200,72,Greed
1596585600,75,Greed
1596672000,79,Extreme Greed
1596758400,77,Extreme Greed
1596844800,77,Extreme Greed
1596931200,79,Extreme Greed
1597017600,78,Extreme Greed
1597104000,84,Extreme Greed
1597190400,75,Greed
1597276800,75,Greed
1597363200,78,Extreme Greed
1597449600,79,Extreme Greed
1597536000,82,Extreme Greed
1597622400,83,Extreme Greed
1597708800,82,Extreme Greed
1597795200,80,Extreme Greed
1597881600,75,Greed
1597968000,81,Extreme Greed
1598054400,78,Extreme Greed
1598140800,76,Extreme Greed
1598227200,78,Extreme Greed
1598313600,75,Greed
1598400000,76,Extreme Greed
1598486400,75,Greed
1598572800,74,Greed
1598659200,79,Extreme Greed
1598745600,75,Greed
1598832000,75,Greed
1598918400,75,Greed
1599004800,83,Extreme Greed
1599091200,79,Extreme Greed
1599177600,40,Fear
1599264000,41,Fear
1599350400,41,Fear
1599436800,41,Fear
1599523200,41,Fear
1599609600,38,Fear
1599696000,38,Fear
1599782400,41,Fear
1599868800,41,Fear
1599955200,38,Fear
1600041600,39,Fear
1600128000,47,Neutral
1600214400,43,Fear
1600300800,48,Neutral
1600387200,49,Neutral
1600473600,48,Neutral
1600560000,52,Neutral
1600646400,48,Neutral
1600732800,39,Fear
1600819200,43,Fear
1600905600,39,Fear
1600992000,46,Fear
1601078400,45,Fear
1601164800,47,Neutral
1601251200,43,Fear
1601337600,45,Fear
1601424000,49,Neutral
1601510400,45,Fear
1601596800,41,Fear
1601683200,40,Fear
1601769600,42,Fear
1601856000,42,Fear
1601942400,47,Neutral
1602028800,43,Fear
1602115200,46,Fear
1602201600,48,Neutral
1602288000,53,Neutral
1602374400,55,Greed
1602460800,52,Neutral
1602547200,56,Greed
1602633600,53,Neutral
1602720000,56,Greed
1602806400,52,Neutral
1602892800,56,Greed
1602979200,55,Greed
1603065600,55,Greed
1603152000,56,Greed
1603238400,61,Greed
1603324800,73,Greed
1603411200,74,Greed
1603497600,73,Greed
1603584000,76,Extreme Greed
1603670400,75,Greed
1603756800,61,Greed
1603843200,70,Greed
1603929600,67,Greed
1604016000,74,Greed
1604102400,73,Greed
1604188800,72,Greed
1604275200,71,Greed
1604361600,71,Greed
1604448000,74,Greed
1604534400,72,Greed
1604620800,90,Extreme Greed
1604707200,88,Extreme Greed
1604793600,82,Extreme Greed
1604880000,90,Extreme Greed
1604966400,90,Extreme Greed
1605052800,86,Extreme Greed
1605139200,87,Extreme Greed
1605225600,89,Extreme Greed
1605312000,90,Extreme Greed
1605398400,86,Extreme Greed
1605484800,90,Extreme Greed
1605571200,86,Extreme Greed
1605657600,91,Extreme Greed
1605744000,94,Extreme Greed
1605830400,86,Extreme Greed
1605916800,91,Extreme Greed
1606003200,94,Extreme Greed
1606089600,90,Extreme Greed
1606176000,88,Extreme Greed
1606262400,94,Extreme Greed
1606348800,93,Extreme Greed
1606435200,86,Extreme Greed
1606521600,87,Extreme Greed
1606608000,89,Extreme Greed
1606694400,88,Extreme Greed
1606780800,95,Extreme Greed
1606867200,92,Extreme Greed
1606953600,92,Extreme Greed
1607040000,92,Extreme Greed
1607126400,93,Extreme Greed
1607212800,95,Extreme Greed
1607299200,94,Extreme Greed
1607385600,95,Extreme Greed
1607472000,86,Extreme Greed
1607558400,94,Extreme Greed
1607644800,89,Extreme Greed
1607731200,90,Extreme Greed
1607817600,91,Extreme Greed
1607904000,95,Extreme Greed
1607990400,91,Extreme Greed
1608076800,92,Extreme Greed
1608163200,92,Extreme Greed
1608249600,95,Extreme Greed
1608336000,93,Extreme Greed
1608422400,92,Extreme Greed
1608508800,92,Extreme Greed
1608595200,88,Extreme Greed
1608681600,93,Extreme Greed
1608768000,86,Extreme Greed
1608854400,94,Extreme Greed
1608940800,93,Extreme Greed
1609027200,91,Extreme Greed
1609113600,92,Extreme Greed
1609200000,91,Extreme Greed
1609286400,91,Extreme Greed
1609372800,95,Extreme Greed
1609459200,94,Extreme Greed
1609545600,94,Extreme Greed
1609632000,93,Extreme Greed
1609718400,94,Extreme Greed
1609804800,93,Extreme Greed
1609891200,95,Extreme Greed
1609977600,91,Extreme Greed
1610064000,93,Extreme Greed
1610150400,93,Extreme Greed
1610236800,94,Extreme Greed
1610323200,90,Extreme Greed
1610409600,84,Extreme Greed
1610496000,78,Extreme Greed
1610582400,83,Extreme Greed
1610668800,88,Extreme Greed
1610755200,84,Extreme Greed
1610841600,79,Extreme Greed
1610928000,79,Extreme Greed
1611014400,80,Extreme Greed
1611100800,78,Extreme Greed
1611187200,75,Greed
1611273600,40,Fear
1611360000,74,Greed
1611446400,70,Greed
1611532800,74,Greed
1611619200,71,Greed
1611705600,78,Extreme Greed
1611792000,55,Greed
1611878400,77,Extreme Greed
1611964800,76,Extreme Greed
1612051200,78,Extreme Greed
1612137600,77,Extreme Greed
1612224000,76,Extreme Greed
1612310400,78,Extreme Greed
1612396800,80,Extreme Greed
1612483200,81,Extreme Greed
1612569600,84,Extreme Greed
1612656000,86,Extreme Greed
1612742400,83,Extreme Greed
1612828800,95,Extreme Greed
1612915200,92,Extreme Greed
1613001600,93,Extreme Greed
1613088000,92,Extreme Greed
1613174400,92,Extreme Greed
1613260800,95,Extreme Greed
1613347200,93,Extreme Greed
1613433600,95,Extreme Greed
1613520000,95,Extreme Greed
1613606400,91,Extreme Greed
1613692800,93,Extreme Greed
1613779200,91,Extreme Greed
1613865600,91,Extreme Greed
1613952000,94,Extreme Greed
1614038400,94,Extreme Greed
1614124800,76,Extreme Greed
1614211200,79,Extreme Greed
1614297600,55,Greed
1614384000,56,Greed
1614470400,55,Greed
1614556800,38,Fear
1614643200,78,Extreme Greed
1614729600,78,Extreme Greed
1614816000,84,Extreme Greed
1614902400,77,Extreme Greed
1614988800,77,Extreme Greed
1615075200,76,Extreme Greed
1615161600,81,Extreme Greed
1615248000,81,Extreme Greed
1615334400,68,Greed
1615420800,73,Greed
1615507200,70,Greed
1615593600,74,Greed
1615680000,78,Extreme Greed
1615766400,76,Extreme Greed
1615852800,71,Greed
1615939200,71,Greed
1616025600,72,Greed
1616112000,71,Greed
1616198400,75,Greed
1616284800,73,Greed
1616371200,70,Greed
1616457600,66,Greed
1616544000,65,Greed
1616630400,60,Greed
1616716800,54,Neutral
1616803200,65,Greed
1616889600,74,Greed
1616976000,72,Greed
1617062400,72,Greed
1617148800,76,Extreme Greed
1617235200,74,Greed
1617321600,74,Greed
1617408000,73,Greed
1617494400,74,Greed
1617580800,71,Greed
1617667200,75,Greed
1617753600,72,Greed
1617840000,73,Greed
1617926400,70,Greed
1618012800,70,Greed
1618099200,76,Extreme Greed
1618185600,74,Greed
1618272000,74,Greed
1618358400,75,Greed
1618444800,79,Extreme Greed
1618531200,78,Extreme Greed
1618617600,76,Extreme Greed
1618704000,79,Extreme Greed
1618790400,74,Greed
1618876800,73,Greed
1618963200,73,Greed
1619049600,65,Greed
1619136000,55,Greed
1619222400,37,Fear
1619308800,31,Fear
1619395200,27,Fear
1619481600,50,Neutral
1619568000,59,Greed
1619654400,52,Neutral
1619740800,51,Neutral
1619827200,68,Greed
1619913600,66,Greed
1620000000,61,Greed
1620086400,68,Greed
1620172800,48,Neutral
1620259200,65,Greed
1620345600,64,Greed
1620432000,67,Greed
1620518400,73,Greed
1620604800,72,Greed
1620691200,61,Greed
1620777600,68,Greed
1620864000,31,Fear
1620950400,26,Fear
1621036800,27,Fear
1621123200,20,Extreme Fear
1621209600,27,Fear
1621296000,21,Extreme Fear
1621382400,23,Extreme Fear
1621468800,11,Extreme Fear
1621555200,19,Extreme Fear
1621641600,12,Extreme Fear
1621728000,14,Extreme Fear
1621814400,10,Extreme Fear
1621900800,22,Extreme Fear
1621987200,22,Extreme Fear
1622073600,27,Fear
1622160000,21,Extreme Fear
1622246400,18,Extreme Fear
1622332800,10,Extreme Fear
1622419200,18,Extreme Fear
1622505600,20,Extreme Fear
1622592000,23,Extreme Fear
1622678400,24,Extreme Fear
1622764800,27,Fear
1622851200,24,Extreme Fear
1622937600,17,Extreme Fear
1623024000,15,Extreme Fear
1623110400,13,Extreme Fear
1623196800,14,Extreme Fear
1623283200,21,Extreme Fear
1623369600,21,Extreme Fear
1623456000,28,Fear
1623542400,23,Extreme Fear
1623628800,28,Fear
1623715200,38,Fear
1623801600,33,Fear
1623888000,26,Fear
1623974400,25,Extreme Fear
1624060800,23,Extreme Fear
1624147200,21,Extreme Fear
1624233600,23,Extreme Fear
1624320000,10,Extreme Fear
1624406400,14,Extreme Fear
1624492800,22,Extreme Fear
1624579200,27,Fear
1624665600,20,Extreme Fear
1624752000,22,Extreme Fear
1624838400,25,Extreme Fear
1624924800,25,Extreme Fear
1625011200,28,Fear
1625097600,28,Fear
1625184000,21,Extreme Fear
1625270400,24,Extreme Fear
1625356800,27,Fear
1625443200,29,Fear
1625529600,20,Extreme Fear
1625616000,28,Fear
1625702400,20,Extreme Fear
1625788800,20,Extreme Fear
1625875200,20,Extreme Fear
1625961600,20,Extreme Fear
1626048000,25,Extreme Fear
1626134400,20,Extreme Fear
1626220800,21,Extreme Fear
1626307200,20,Extreme Fear
1626393600,22,Extreme Fear
1626480000,15,Extreme Fear
1626566400,19,Extreme Fear
1626652800,24,Extreme Fear
1626739200,19,Extreme Fear
1626825600,10,Extreme Fear
1626912000,21,Extreme Fear
1626998400,23,Extreme Fear
1627084800,22,Extreme Fear
1627171200,27,Fear
1627257600,26,Fear
1627344000,32,Fear
1627430400,50,Neutral
1627516800,50,Neutral
1627603200,53,Neutral
1627689600,60,Greed
1627776000,60,Greed
1627862400,48,Neutral
1627948800,48,Neutral
1628035200,42,Fear
1628121600,50,Neutral
1628208000,52,Neutral
1628294400,69,Greed
1628380800,74,Greed
1628467200,65,Greed
1628553600,71,Greed
1628640000,70,Greed
1628726400,70,Greed
1628812800,70,Greed
1628899200,76,Extreme Greed
1628985600,71,Greed
1629072000,72,Greed
1629158400,72,Greed
1629244800,73,Greed
1629331200,70,Greed
1629417600,70,Greed
1629504000,78,Extreme Greed
1629590400,76,Extreme Greed
1629676800,79,Extreme Greed
1629763200,79,Extreme Greed
1629849600,73,Greed
1629936000,75,Greed
1630022400,71,Greed
1630108800,78,Extreme Greed
1630195200,72,Greed
1630281600,73,Greed
1630368000,73,Greed
1630454400,71,Greed
1630540800,74,Greed
1630627200,74,Greed
1630713600,72,Greed
1630800000,73,Greed
1630886400,79,Extreme Greed
1630972800,79,Extreme Greed
1631059200,47,Neutral
1631145600,45,Fear
1631232000,46,Fear
1631318400,31,Fear
1631404800,32,Fear
1631491200,44,Fear
1631577600,30,Fear
1631664000,49,Neutral
1631750400,53,Neutral
1631836800,48,Neutral
1631923200,50,Neutral
1632009600,53,Neutral
1632096000,50,Neutral
1632182400,27,Fear
1632268800,21,Extreme Fear
1632355200,27,Fear
1632441600,33,Fear
1632528000,28,Fear
1632614400,27,Fear
1632700800,26,Fear
1632787200,25,Extreme Fear
1632873600,24,Extreme Fear
1632960000,20,Extreme Fear
1633046400,27,Fear
1633132800,54,Neutral
1633219200,49,Neutral
1633305600,54,Neutral
1633392000,59,Greed
1633478400,68,Greed
1633564800,76,Extreme Greed
1633651200,74,Greed
1633737600,72,Greed
1633824000,71,Greed
1633910400,71,Greed
1633996800,78,Extreme Greed
1634083200,70,Greed
1634169600,70,Greed
1634256000,71,Greed
1634342400,78,Extreme Greed
1634428800,79,Extreme Greed
1634515200,78,Extreme Greed
1634601600,75,Greed
1634688000,82,Extreme Greed
1634774400,84,Extreme Greed
1634860800,75,Greed
1634947200,74,Greed
1635033600,73,Greed
1635120000,72,Greed
1635206400,76,Extreme Greed
1635292800,73,Greed
1635379200,66,Greed
1635465600,70,Greed
1635552000,73,Greed
1635638400,74,Greed
1635724800,74,Greed
1635811200,73,Greed
1635897600,76,Extreme Greed
1635984000,73,Greed
1636070400,73,Greed
1636156800,71,Greed
1636243200,73,Greed
1636329600,75,Greed
1636416000,84,Extreme Greed
1636502400,75,Greed
1636588800,77,Extreme Greed
1636675200,74,Greed
1636761600,72,Greed
1636848000,74,Greed
1636934400,72,Greed
1637020800,71,Greed
1637107200,52,Neutral
1637193600,54,Neutral
1637280000,34,Fear
1637366400,43,Fear
1637452800,49,Neutral
1637539200,50,Neutral
1637625600,33,Fear
1637712000,42,Fear
1637798400,32,Fear
1637884800,47,Neutral
1637971200,21,Extreme Fear
1638057600,27,Fear
1638144000,33,Fear
1638230400,40,Fear
1638316800,34,Fear
1638403200,32,Fear
1638489600,31,Fear
1638576000,25,Extreme Fear
1638662400,18,Extreme Fear
1638748800,16,Extreme Fear
1638835200,25,Extreme Fear
1638921600,28,Fear
1639008000,29,Fear
1639094400,24,Extreme Fear
1639180800,16,Extreme Fear
1639267200,27,Fear
1639353600,28,Fear
1639440000,21,Extreme Fear
1639526400,28,Fear
1639612800,29,Fear
1639699200,23,Extreme Fear
1639785600,24,Extreme Fear
1639872000,29,Fear
1639958400,25,Extreme Fear
1640044800,27,Fear
1640131200,45,Fear
1640217600,34,Fear
1640304000,41,Fear
1640390400,39,Fear
1640476800,37,Fear
1640563200,40,Fear
1640649600,41,Fear
1640736000,27,Fear
1640822400,22,Extreme Fear
1640908800,28,Fear
1640995200,21,Extreme Fear
1641081600,29,Fear
1641168000,29,Fear
1641254400,23,Extreme Fear
1641340800,24,Extreme Fear
1641427200,15,Extreme Fear
1641513600,18,Extreme Fear
1641600000,10,Extreme Fear
1641686400,23,Extreme Fear
1641772800,23,Extreme Fear
1641859200,21,Extreme Fear
1641945600,22,Extreme Fear
1642032000,21,Extreme Fear
1642118400,21,Extreme Fear
1642204800,23,Extreme Fear
1642291200,21,Extreme Fear
1642377600,22,Extreme Fear
1642464000,24,Extreme Fear
1642550400,24,Extreme Fear
1642636800,24,Extreme Fear
1642723200,19,Extreme Fear
1642809600,13,Extreme Fear
1642896000,11,Extreme Fear
1642982400,13,Extreme Fear
1643068800,12,Extreme Fear
1643155200,23,Extreme Fear
1643241600,20,Extreme Fear
1643328000,24,Extreme Fear
1643414400,24,Extreme Fear
1643500800,29,Fear
1643587200,20,Extreme Fear
1643673600,26,Fear
1643760000,28,Fear
1643846400,20,Extreme Fear
1643932800,20,Extreme Fear
1644019200,33,Fear
1644105600,37,Fear
1644192000,45,Fear
1644278400,48,Neutral
1644364800,54,Neutral
1644451200,50,Neutral
1644537600,50,Neutral
1644624000,44,Fear
1644710400,44,Fear
1644796800,46,Fear
1644883200,46,Fear
1644969600,51,Neutral
1645056000,52,Neutral
1645142400,30,Fear
1645228800,25,Extreme Fear
1645315200,27,Fear
1645401600,25,Extreme Fear
1645488000,20,Extreme Fear
1645574400,25,Extreme Fear
1645660800,23,Extreme Fear
1645747200,27,Fear
1645833600,26,Fear
1645920000,26,Fear
1646006400,20,Extreme Fear
1646092800,51,Neutral
1646179200,52,Neutral
1646265600,39,Fear
1646352000,33,Fear
1646438400,22,Extreme Fear
1646524800,22,Extreme Fear
1646611200,23,Extreme Fear
1646697600,21,Extreme Fear
1646784000,22,Extreme Fear
1646870400,28,Fear
1646956800,22,Extreme Fear
1647043200,22,Extreme Fear
1647129600,21,Extreme Fear
1647216000,23,Extreme Fear
1647302400,21,Extreme Fear
1647388800,24,Extreme Fear
1647475200,27,Fear
1647561600,25,Extreme Fear
1647648000,28,Fear
1647734400,31,Fear
1647820800,30,Fear
1647907200,26,Fear
1647993600,31,Fear
1648080000,40,Fear
1648166400,47,Neutral
1648252800,51,Neutral
1648339200,49,Neutral
1648425600,60,Greed
1648512000,56,Greed
1648598400,55,Greed
1648684800,52,Neutral
1648771200,50,Neutral
1648857600,52,Neutral
1648944000,48,Neutral
1649030400,52,Neutral
1649116800,53,Neutral
1649203200,48,Neutral
1649289600,34,Fear
1649376000,37,Fear
1649462400,30,Fear
1649548800,34,Fear
1649635200,32,Fear
1649721600,20,Extreme Fear
1649808000,25,Extreme Fear
1649894400,28,Fear
1649980800,22,Extreme Fear
1650067200,28,Fear
1650153600,28,Fear
1650240000,24,Extreme Fear
1650326400,27,Fear
1650412800,27,Fear
1650499200,27,Fear
1650585600,26,Fear
1650672000,24,Extreme Fear
1650758400,24,Extreme Fear
1650844800,23,Extreme Fear
1650931200,27,Fear
1651017600,21,Extreme Fear
1651104000,24,Extreme Fear
1651190400,23,Extreme Fear
1651276800,20,Extreme Fear
1651363200,22,Extreme Fear
1651449600,28,Fear
1651536000,27,Fear
1651622400,21,Extreme Fear
1651708800,27,Fear
1651795200,22,Extreme Fear
1651881600,23,Extreme Fear
1651968000,18,Extreme Fear
1652054400,11,Extreme Fear
1652140800,10,Extreme Fear
1652227200,12,Extreme Fear
1652313600,12,Extreme Fear
1652400000,10,Extreme Fear
1652486400,9,Extreme Fear
1652572800,10,Extreme Fear
1652659200,14,Extreme Fear
1652745600,8,Extreme Fear
1652832000,12,Extreme Fear
1652918400,13,Extreme Fear
1653004800,13,Extreme Fear
1653091200,13,Extreme Fear
1653177600,14,Extreme Fear
1653264000,10,Extreme Fear
1653350400,12,Extreme Fear
1653436800,11,Extreme Fear
1653523200,12,Extreme Fear
1653609600,12,Extreme Fear
1653696000,13,Extreme Fear
1653782400,14,Extreme Fear
1653868800,10,Extreme Fear
1653955200,16,Extreme Fear
1654041600,17,Extreme Fear
1654128000,13,Extreme Fear
1654214400,10,Extreme Fear
1654300800,14,Extreme Fear
1654387200,10,Extreme Fear
1654473600,13,Extreme Fear
1654560000,15,Extreme Fear
1654646400,17,Extreme Fear
1654732800,11,Extreme Fear
1654819200,13,Extreme Fear
1654905600,12,Extreme Fear
1654992000,14,Extreme Fear
1655078400,11,Extreme Fear
1655164800,8,Extreme Fear
1655251200,7,Extreme Fear
1655337600,7,Extreme Fear
1655424000,9,Extreme Fear
1655510400,6,Extreme Fear
1655596800,6,Extreme Fear
1655683200,9,Extreme Fear
1655769600,9,Extreme Fear
1655856000,11,Extreme Fear
1655942400,11,Extreme Fear
1656028800,11,Extreme Fear
1656115200,14,Extreme Fear
1656201600,14,Extreme Fear
1656288000,12,Extreme Fear
1656374400,10,Extreme Fear
1656460800,13,Extreme Fear
1656547200,11,Extreme Fear
1656633600,11,Extreme Fear
1656720000,14,Extreme Fear
1656806400,11,Extreme Fear
1656892800,14,Extreme Fear
1656979200,19,Extreme Fear
1657065600,18,Extreme Fear
1657152000,18,Extreme Fear
1657238400,20,Extreme Fear
1657324800,24,Extreme Fear
1657411200,24,Extreme Fear
1657497600,22,Extreme Fear
1657584000,16,Extreme Fear
1657670400,15,Extreme Fear
1657756800,18,Extreme Fear
1657843200,15,Extreme Fear
1657929600,21,Extreme Fear
1658016000,24,Extreme Fear
1658102400,20,Extreme Fear
1658188800,30,Fear
1658275200,31,Fear
1658361600,34,Fear
1658448000,33,Fear
1658534400,31,Fear
1658620800,30,Fear
1658707200,30,Fear
1658793600,26,Fear
1658880000,28,Fear
1658966400,32,Fear
1659052800,39,Fear
1659139200,42,Fear
1659225600,39,Fear
1659312000,33,Fear
1659398400,31,Fear
1659484800,34,Fear
1659571200,30,Fear
1659657600,31,Fear
1659744000,31,Fear
1659830400,30,Fear
1659916800,30,Fear
1660003200,42,Fear
1660089600,31,Fear
1660176000,41,Fear
1660262400,42,Fear
1660348800,46,Fear
1660435200,47,Neutral
1660521600,45,Fear
1660608000,44,Fear
1660694400,41,Fear
1660780800,30,Fear
1660867200,33,Fear
1660953600,29,Fear
1661040000,27,Fear
1661126400,29,Fear
1661212800,28,Fear
1661299200,25,Extreme Fear
1661385600,25,Extreme Fear
1661472000,27,Fear
1661558400,28,Fear
1661644800,28,Fear
1661731200,24,Extreme Fear
1661817600,27,Fear
1661904000,23,Extreme Fear
1661990400,20,Extreme Fear
1662076800,25,Extreme Fear
1662163200,21,Extreme Fear
1662249600,20,Extreme Fear
1662336000,23,Extreme Fear
1662422400,22,Extreme Fear
1662508800,24,Extreme Fear
1662595200,20,Extreme Fear
1662681600,22,Extreme Fear
1662768000,28,Fear
1662854400,26,Fear
1662940800,25,Extreme Fear
1663027200,34,Fear
1663113600,27,Fear
1663200000,28,Fear
1663286400,20,Extreme Fear
1663372800,22,Extreme Fear
1663459200,27,Fear
1663545600,21,Extreme Fear
1663632000,23,Extreme Fear
1663718400,23,Extreme Fear
1663804800,22,Extreme Fear
1663891200,20,Extreme Fear
1663977600,24,Extreme Fear
1664064000,24,Extreme Fear
1664150400,21,Extreme Fear
1664236800,20,Extreme Fear
1664323200,20,Extreme Fear
1664409600,22,Extreme Fear
1664496000,21,Extreme Fear
1664582400,20,Extreme Fear
1664668800,24,Extreme Fear
1664755200,24,Extreme Fear
1664841600,20,Extreme Fear
1664928000,25,Extreme Fear
1665014400,26,Fear
1665100800,23,Extreme Fear
1665187200,24,Extreme Fear
1665273600,22,Extreme Fear
1665360000,22,Extreme Fear
1665446400,24,Extreme Fear
1665532800,20,Extreme Fear
1665619200,20,Extreme Fear
1665705600,24,Extreme Fear
1665792000,24,Extreme Fear
1665878400,24,Extreme Fear
1665964800,20,Extreme Fear
1666051200,22,Extreme Fear
1666137600,23,Extreme Fear
1666224000,23,Extreme Fear
1666310400,23,Extreme Fear
1666396800,20,Extreme Fear
1666483200,23,Extreme Fear
1666569600,22,Extreme Fear
1666656000,20,Extreme Fear
1666742400,33,Fear
1666828800,32,Fear
1666915200,30,Fear
1667001600,34,Fear
1667088000,34,Fear
1667174400,31,Fear
1667260800,30,Fear
1667347200,30,Fear
1667433600,30,Fear
1667520000,30,Fear
1667606400,38,Fear
1667692800,40,Fear
1667779200,33,Fear
1667865600,31,Fear
1667952000,29,Fear
1668038400,22,Extreme Fear
1668124800,25,Extreme Fear
1668211200,21,Extreme Fear
1668297600,22,Extreme Fear
1668384000,24,Extreme Fear
1668470400,22,Extreme Fear
1668556800,23,Extreme Fear
1668643200,20,Extreme Fear
1668729600,23,Extreme Fear
1668816000,23,Extreme Fear
1668902400,24,Extreme Fear
1668988800,21,Extreme Fear
1669075200,22,Extreme Fear
1669161600,22,Extreme Fear
1669248000,20,Extreme Fear
1669334400,20,Extreme Fear
1669420800,22,Extreme Fear
1669507200,26,Fear
1669593600,28,Fear
1669680000,26,Fear
1669766400,29,Fear
1669852800,27,Fear
1669939200,27,Fear
1670025600,27,Fear
1670112000,26,Fear
1670198400,26,Fear
1670284800,25,Extreme Fear
1670371200,29,Fear
1670457600,25,Extreme Fear
1670544000,26,Fear
1670630400,27,Fear
1670716800,26,Fear
1670803200,27,Fear
1670889600,27,Fear
1670976000,30,Fear
1671062400,31,Fear
1671148800,29,Fear
1671235200,28,Fear
1671321600,26,Fear
1671408000,29,Fear
1671494400,29,Fear
1671580800,26,Fear
1671667200,28,Fear
1671753600,27,Fear
1671840000,29,Fear
1671926400,29,Fear
1672012800,28,Fear
1672099200,27,Fear
1672185600,28,Fear
1672272000,28,Fear
1672358400,28,Fear
1672444800,25,Extreme Fear
1672531200,26,Fear
1672617600,27,Fear
1672704000,26,Fear
1672790400,29,Fear
1672876800,29,Fear
1672963200,26,Fear
1673049600,25,Extreme Fear
1673136000,25,Extreme Fear
1673222400,25,Extreme Fear
1673308800,26,Fear
1673395200,26,Fear
1673481600,30,Fear
1673568000,31,Fear
1673654400,46,Fear
1673740800,52,Neutral
1673827200,45,Fear
1673913600,51,Neutral
1674000000,52,Neutral
1674086400,45,Fear
1674172800,51,Neutral
1674259200,53,Neutral
1674345600,53,Neutral
1674432000,50,Neutral
1674518400,52,Neutral
1674604800,51,Neutral
1674691200,54,Neutral
1674777600,55,Greed
1674864000,52,Neutral
1674950400,55,Greed
1675036800,61,Greed
1675123200,51,Neutral
1675209600,56,Greed
1675296000,60,Greed
1675382400,60,Greed
1675468800,58,Greed
1675555200,58,Greed
1675641600,56,Greed
1675728000,54,Neutral
1675814400,58,Greed
1675900800,55,Greed
1675987200,48,Neutral
1676073600,49,Neutral
1676160000,50,Neutral
1676246400,48,Neutral
1676332800,50,Neutral
1676419200,53,Neutral
1676505600,62,Greed
1676592000,61,Greed
1676678400,60,Greed
1676764800,60,Greed
1676851200,58,Greed
1676937600,60,Greed
1677024000,59,Greed
1677110400,56,Greed
1677196800,53,Neutral
1677283200,52,Neutral
1677369600,51,Neutral
1677456000,50,Neutral
1677542400,53,Neutral
1677628800,50,Neutral
1677715200,51,Neutral
1677801600,50,Neutral
1677888000,50,Neutral
1677974400,47,Neutral
1678060800,48,Neutral
1678147200,49,Neutral
1678233600,50,Neutral
1678320000,44,Fear
1678406400,34,Fear
1678492800,33,Fear
1678579200,33,Fear
1678665600,49,Neutral
1678752000,56,Greed
1678838400,50,Neutral
1678924800,52,Neutral
1679011200,51,Neutral
1679097600,64,Greed
1679184000,63,Greed
1679270400,66,Greed
1679356800,68,Greed
1679443200,62,Greed
1679529600,57,Greed
1679616000,61,Greed
1679702400,64,Greed
1679788800,64,Greed
1679875200,64,Greed
1679961600,59,Greed
1680048000,57,Greed
1680134400,60,Greed
1680220800,63,Greed
1680307200,61,Greed
1680393600,63,Greed
1680480000,63,Greed
1680566400,62,Greed
1680652800,62,Greed
1680739200,63,Greed
1680825600,64,Greed
1680912000,61,Greed
1680998400,61,Greed
1681084800,62,Greed
1681171200,68,Greed
1681257600,65,Greed
1681344000,61,Greed
1681430400,68,Greed
1681516800,68,Greed
1681603200,68,Greed
1681689600,69,Greed
1681776000,58,Greed
1681862400,63,Greed
1681948800,52,Neutral
1682035200,50,Neutral
1682121600,53,Neutral
1682208000,56,Greed
1682294400,53,Neutral
1682380800,53,Neutral
1682467200,56,Greed
1682553600,59,Greed
1682640000,64,Greed
1682726400,64,Greed
1682812800,60,Greed
1682899200,63,Greed
1682985600,55,Greed
1683072000,64,Greed
1683158400,64,Greed
1683244800,61,Greed
1683331200,60,Greed
1683417600,64,Greed
1683504000,60,Greed
1683590400,51,Neutral
1683676800,52,Neutral
1683763200,52,Neutral
1683849600,49,Neutral
1683936000,48,Neutral
1684022400,48,Neutral
1684108800,50,Neutral
1684195200,54,Neutral
1684281600,50,Neutral
1684368000,51,Neutral
1684454400,48,Neutral
1684540800,48,Neutral
1684627200,52,Neutral
1684713600,49,Neutral
1684800000,50,Neutral
1684886400,50,Neutral
1684972800,51,Neutral
1685059200,49,Neutral
1685145600,48,Neutral
1685232000,50,Neutral
1685318400,52,Neutral
1685404800,51,Neutral
1685491200,51,Neutral
1685577600,52,Neutral
1685664000,50,Neutral
1685750400,53,Neutral
1685836800,52,Neutral
1685923200,53,Neutral
1686009600,44,Fear
1686096000,53,Neutral
1686182400,50,Neutral
1686268800,50,Neutral
1686355200,49,Neutral
1686441600,47,Neutral
1686528000,47,Neutral
1686614400,45,Fear
1686700800,46,Fear
1686787200,41,Fear
1686873600,47,Neutral
1686960000,47,Neutral
1687046400,49,Neutral
1687132800,47,Neutral
1687219200,49,Neutral
1687305600,59,Greed
1687392000,65,Greed
1687478400,65,Greed
1687564800,62,Greed
1687651200,64,Greed
1687737600,55,Greed
1687824000,59,Greed
1687910400,62,Greed
1687996800,54,Neutral
1688083200,56,Greed
1688169600,59,Greed
1688256000,63,Greed
1688342400,62,Greed
1688428800,64,Greed
1688515200,61,Greed
1688601600,56,Greed
1688688000,55,Greed
1688774400,58,Greed
1688860800,55,Greed
1688947200,56,Greed
1689033600,57,Greed
1689120000,64,Greed
1689206400,57,Greed
1689292800,60,Greed
1689379200,56,Greed
1689465600,57,Greed
1689552000,54,Neutral
1689638400,56,Greed
1689724800,50,Neutral
1689811200,56,Greed
1689897600,50,Neutral
1689984000,52,Neutral
1690070400,54,Neutral
1690156800,55,Greed
1690243200,50,Neutral
1690329600,51,Neutral
1690416000,51,Neutral
1690502400,52,Neutral
1690588800,52,Neutral
1690675200,52,Neutral
1690761600,50,Neutral
1690848000,53,Neutral
1690934400,53,Neutral
1691020800,52,Neutral
1691107200,54,Neutral
1691193600,50,Neutral
1691280000,49,Neutral
1691366400,49,Neutral
1691452800,54,Neutral
1691539200,50,Neutral
1691625600,53,Neutral
1691712000,51,Neutral
1691798400,54,Neutral
1691884800,54,Neutral
1691971200,50,Neutral
1692057600,53,Neutral
1692144000,52,Neutral
1692230400,50,Neutral
1692316800,37,Fear
1692403200,39,Fear
1692489600,37,Fear
1692576000,38,Fear
1692662400,37,Fear
1692748800,37,Fear
1692835200,41,Fear
1692921600,39,Fear
1693008000,38,Fear
1693094400,38,Fear
1693180800,39,Fear
1693267200,39,Fear
1693353600,49,Neutral
1693440000,52,Neutral
1693526400,40,Fear
1693612800,39,Fear
1693699200,40,Fear
1693785600,40,Fear
1693872000,40,Fear
1693958400,42,Fear
1694044800,41,Fear
1694131200,46,Fear
1694217600,41,Fear
1694304000,40,Fear
1694390400,40,Fear
1694476800,30,Fear
1694563200,41,Fear
1694649600,45,Fear
1694736000,45,Fear
1694822400,43,Fear
1694908800,46,Fear
1694995200,46,Fear
1695081600,46,Fear
1695168000,47,Neutral
1695254400,47,Neutral
1695340800,43,Fear
1695427200,47,Neutral
1695513600,44,Fear
1695600000,47,Neutral
1695686400,46,Fear
1695772800,44,Fear
1695859200,46,Fear
1695945600,48,Neutral
1696032000,47,Neutral
1696118400,48,Neutral
1696204800,50,Neutral
1696291200,50,Neutral
1696377600,49,Neutral
1696464000,48,Neutral
1696550400,50,Neutral
1696636800,49,Neutral
1696723200,50,Neutral
1696809600,50,Neutral
1696896000,50,Neutral
1696982400,47,Neutral
1697068800,45,Fear
1697155200,44,Fear
1697241600,47,Neutral
1697328000,45,Fear
1697414400,47,Neutral
1697500800,52,Neutral
1697587200,50,Neutral
1697673600,52,Neutral
1697760000,53,Neutral
1697846400,63,Greed
1697932800,53,Neutral
1698019200,53,Neutral
1698105600,66,Greed
1698192000,72,Greed
1698278400,71,Greed
1698364800,70,Greed
1698451200,65,Greed
1698537600,72,Greed
1698624000,68,Greed
1698710400,66,Greed
1698796800,66,Greed
1698883200,72,Greed
1698969600,65,Greed
1699056000,68,Greed
1699142400,70,Greed
1699228800,74,Greed
1699315200,68,Greed
1699401600,66,Greed
1699488000,69,Greed
1699574400,70,Greed
1699660800,70,Greed
1699747200,73,Greed
1699833600,72,Greed
1699920000,69,Greed
1700006400,60,Greed
1700092800,70,Greed
1700179200,63,Greed
1700265600,69,Greed
1700352000,66,Greed
1700438400,69,Greed
1700524800,71,Greed
1700611200,62,Greed
1700697600,66,Greed
1700784000,66,Greed
1700870400,73,Greed
1700956800,73,Greed
1701043200,66,Greed
1701129600,68,Greed
1701216000,72,Greed
1701302400,74,Greed
1701388800,71,Greed
1701475200,74,Greed
1701561600,73,Greed
1701648000,74,Greed
1701734400,75,Greed
1701820800,72,Greed
1701907200,72,Greed
1701993600,72,Greed
1702080000,73,Greed
1702166400,74,Greed
1702252800,74,Greed
1702339200,67,Greed
1702425600,65,Greed
1702512000,72,Greed
1702598400,70,Greed
1702684800,67,Greed
1702771200,73,Greed
1702857600,65,Greed
1702944000,73,Greed
1703030400,74,Greed
1703116800,70,Greed
1703203200,74,Greed
1703289600,70,Greed
1703376000,71,Greed
1703462400,73,Greed
1703548800,71,Greed
1703635200,73,Greed
1703721600,73,Greed
1703808000,65,Greed
1703894400,68,Greed
1703980800,67,Greed
1704067200,65,Greed
1704153600,71,Greed
1704240000,70,Greed
1704326400,68,Greed
1704412800,72,Greed
1704499200,70,Greed
1704585600,71,Greed
1704672000,71,Greed
1704758400,76,Extreme Greed
1704844800,73,Greed
1704931200,76,Extreme Greed
1705017600,71,Greed
1705104000,64,Greed
1705190400,60,Greed
1705276800,52,Neutral
1705363200,64,Greed
1705449600,60,Greed
1705536000,63,Greed
1705622400,51,Neutral
1705708800,52,Neutral
1705795200,56,Greed
1705881600,55,Greed
1705968000,50,Neutral
1706054400,48,Neutral
1706140800,52,Neutral
1706227200,49,Neutral
1706313600,55,Greed
1706400000,54,Neutral
1706486400,55,Greed
1706572800,61,Greed
1706659200,60,Greed
1706745600,63,Greed
1706832000,63,Greed
1706918400,60,Greed
1707004800,60,Greed
1707091200,60,Greed
1707177600,64,Greed
1707264000,62,Greed
1707350400,66,Greed
1707436800,72,Greed
1707523200,74,Greed
1707609600,71,Greed
1707696000,70,Greed
1707782400,79,Extreme Greed
1707868800,74,Greed
1707955200,72,Greed
1708041600,72,Greed
1708128000,76,Extreme Greed
1708214400,72,Greed
1708300800,75,Greed
1708387200,72,Greed
1708473600,78,Extreme Greed
1708560000,74,Greed
1708646400,76,Extreme Greed
1708732800,72,Greed
1708819200,74,Greed
1708905600,72,Greed
1708992000,79,Extreme Greed
1709078400,82,Extreme Greed
1709164800,80,Extreme Greed
1709251200,80,Extreme Greed
1709337600,80,Extreme Greed
1709424000,83,Extreme Greed
1709510400,82,Extreme Greed
1709596800,90,Extreme Greed
1709683200,75,Greed
1709769600,82,Extreme Greed
1709856000,81,Extreme Greed
1709942400,84,Extreme Greed
1710028800,79,Extreme Greed
1710115200,82,Extreme Greed
1710201600,81,Extreme Greed
1710288000,81,Extreme Greed
1710374400,88,Extreme Greed
1710460800,83,Extreme Greed
1710547200,81,Extreme Greed
1710633600,79,Extreme Greed
1710720000,77,Extreme Greed
1710806400,79,Extreme Greed
1710892800,74,Greed
1710979200,78,Extreme Greed
1711065600,75,Greed
1711152000,73,Greed
1711238400,74,Greed
1711324800,75,Greed
1711411200,81,Extreme Greed
1711497600,83,Extreme Greed
1711584000,80,Extreme Greed
1711670400,79,Extreme Greed
1711756800,75,Greed
1711843200,75,Greed
1711929600,79,Extreme Greed
1712016000,79,Extreme Greed
1712102400,71,Greed
1712188800,70,Greed
1712275200,79,Extreme Greed
1712361600,75,Greed
1712448000,78,Extreme Greed
1712534400,76,Extreme Greed
1712620800,80,Extreme Greed
1712707200,78,Extreme Greed
1712793600,76,Extreme Greed
1712880000,79,Extreme Greed
1712966400,72,Greed
1713052800,72,Greed
1713139200,74,Greed
1713225600,65,Greed
1713312000,67,Greed
1713398400,57,Greed
1713484800,66,Greed
1713571200,66,Greed
1713657600,72,Greed
1713744000,73,Greed
1713830400,71,Greed
1713916800,72,Greed
1714003200,72,Greed
1714089600,70,Greed
1714176000,67,Greed
1714262400,65,Greed
1714348800,67,Greed
1714435200,67,Greed
1714521600,54,Neutral
1714608000,43,Fear
1714694400,48,Neutral
1714780800,67,Greed
1714867200,69,Greed
1714953600,71,Greed
1715040000,68,Greed
1715126400,64,Greed
1715212800,55,Greed
1715299200,66,Greed
1715385600,53,Neutral
1715472000,56,Greed
1715558400,57,Greed
1715644800,66,Greed
1715731200,64,Greed
1715817600,70,Greed
1715904000,74,Greed
1715990400,73,Greed
1716076800,72,Greed
1716163200,70,Greed
1716249600,76,Extreme Greed
1716336000,76,Extreme Greed
1716422400,76,Extreme Greed
1716508800,74,Greed
1716595200,76,Extreme Greed
1716681600,75,Greed
1716768000,74,Greed
1716854400,72,Greed
1716940800,72,Greed
1717027200,73,Greed
1717113600,73,Greed
1717200000,72,Greed
1717286400,73,Greed
1717372800,73,Greed
1717459200,73,Greed
1717545600,75,Greed
1717632000,78,Extreme Greed
1717718400,77,Extreme Greed
1717804800,72,Greed
1717891200,75,Greed
1717977600,72,Greed
1718064000,74,Greed
1718150400,72,Greed
1718236800,70,Greed
1718323200,74,Greed
1718409600,74,Greed
1718496000,71,Greed
1718582400,71,Greed
1718668800,74,Greed
1718755200,64,Greed
1718841600,60,Greed
1718928000,63,Greed
1719014400,53,Neutral
1719100800,55,Greed
1719187200,51,Neutral
1719273600,30,Fear
1719360000,46,Fear
1719446400,40,Fear
1719532800,47,Neutral
1719619200,30,Fear
1719705600,47,Neutral
1719792000,53,Neutral
1719878400,51,Neutral
1719964800,50,Neutral
1720051200,44,Fear
1720137600,29,Fear
1720224000,26,Fear
1720310400,29,Fear
1720396800,28,Fear
1720483200,27,Fear
1720569600,28,Fear
1720656000,29,Fear
1720742400,25,Extreme Fear
1720828800,25,Extreme Fear
1720915200,33,Fear
1721001600,52,Neutral
1721088000,65,Greed
1721174400,69,Greed
1721260800,61,Greed
1721347200,60,Greed
1721433600,74,Greed
1721520000,74,Greed
1721606400,70,Greed
1721692800,71,Greed
1721779200,69,Greed
1721865600,68,Greed
1721952000,68,Greed
1722038400,72,Greed
1722124800,71,Greed
1722211200,74,Greed
1722297600,67,Greed
1722384000,61,Greed
1722470400,52,Neutral
1722556800,57,Greed
1722643200,37,Fear
1722729600,34,Fear
1722816000,26,Fear
1722902400,17,Extreme Fear
1722988800,29,Fear
1723075200,20,Extreme Fear
1723161600,48,Neutral
1723248000,40,Fear
1723334400,39,Fear
1723420800,25,Extreme Fear
1723507200,31,Fear
1723593600,30,Fear
1723680000,29,Fear
1723766400,27,Fear
1723852800,25,Extreme Fear
1723939200,31,Fear
1724025600,28,Fear
1724112000,30,Fear
1724198400,26,Fear
1724284800,39,Fear
1724371200,34,Fear
1724457600,56,Greed
1724544000,54,Neutral
1724630400,55,Greed
1724716800,48,Neutral
1724803200,30,Fear
1724889600,29,Fear
1724976000,34,Fear
1725062400,29,Fear
1725148800,26,Fear
1725235200,26,Fear
1725321600,26,Fear
1725408000,27,Fear
1725494400,29,Fear
1725580800,22,Extreme Fear
1725667200,23,Extreme Fear
1725753600,29,Fear
1725840000,26,Fear
1725926400,33,Fear
1726012800,37,Fear
1726099200,31,Fear
1726185600,32,Fear
1726272000,50,Neutral
1726358400,51,Neutral
1726444800,39,Fear
1726531200,33,Fear
1726617600,45,Fear
1726704000,49,Neutral
1726790400,54,Neutral
1726876800,54,Neutral
1726963200,52,Neutral
1727049600,50,Neutral
1727136000,54,Neutral
1727222400,59,Greed
1727308800,50,Neutral
1727395200,61,Greed
1727481600,64,Greed
1727568000,63,Greed
1727654400,61,Greed
1727740800,50,Neutral
1727827200,42,Fear
1727913600,37,Fear
1728000000,41,Fear
1728086400,49,Neutral
1728172800,50,Neutral
1728259200,50,Neutral
1728345600,49,Neutral
1728432000,49,Neutral
1728518400,39,Fear
1728604800,32,Fear
1728691200,49,Neutral
1728777600,50,Neutral
1728864000,48,Neutral
1728950400,65,Greed
1729036800,73,Greed
1729123200,71,Greed
1729209600,73,Greed
1729296000,72,Greed
1729382400,73,Greed
1729468800,72,Greed
1729555200,70,Greed
1729641600,71,Greed
1729728000,69,Greed
1729814400,72,Greed
1729987200,74,Greed
1730073600,72,Greed
1730160000,72,Greed
1730246400,77,Extreme Greed
1730332800,77,Extreme Greed
1730419200,75,Greed
1730505600,72,Greed
1730592000,74,Greed
1730678400,70,Greed
1730764800,70,Greed
1730851200,70,Greed
1730937600,77,Extreme Greed
1731024000,75,Greed
1731110400,75,Greed
1731196800,78,Extreme Greed
1731283200,76,Extreme Greed
1731369600,80,Extreme Greed
1731456000,84,Extreme Greed
1731542400,88,Extreme Greed
1731628800,80,Extreme Greed
1731715200,86,Extreme Greed
1731801600,90,Extreme Greed
1731888000,83,Extreme Greed
1731974400,90,Extreme Greed
1732060800,83,Extreme Greed
1732147200,82,Extreme Greed
1732233600,94,Extreme Greed
1732320000,93,Extreme Greed
1732406400,80,Extreme Greed
1732492800,82,Extreme Greed
1732579200,79,Extreme Greed
1732665600,75,Greed
1732752000,77,Extreme Greed
1732838400,78,Extreme Greed
1732924800,84,Extreme Greed
1733011200,81,Extreme Greed
1733097600,80,Extreme Greed
1733184000,76,Extreme Greed
1733270400,78,Extreme Greed
1733356800,84,Extreme Greed
1733443200,72,Greed
1733529600,75,Greed
1733616000,79,Extreme Greed
1733702400,78,Extreme Greed
1733788800,78,Extreme Greed
1733875200,74,Greed
1733961600,83,Extreme Greed
1734048000,76,Extreme Greed
1734134400,83,Extreme Greed
1734220800,80,Extreme Greed
1734307200,83,Extreme Greed
1734393600,87,Extreme Greed
1734480000,81,Extreme Greed
1734566400,75,Greed
1734652800,74,Greed
1734739200,73,Greed
1734825600,73,Greed
1734912000,70,Greed
1734998400,73,Greed
1735084800,73,Greed
1735171200,79,Extreme Greed
1735257600,74,Greed
1735344000,72,Greed
1735430400,73,Greed
1735516800,65,Greed
1735603200,64,Greed
1735689600,66,Greed
1735776000,70,Greed
1735862400,74,Greed
1735948800,73,Greed
1736035200,72,Greed
1736121600,76,Extreme Greed
1736208000,78,Extreme Greed
1736294400,70,Greed
1736380800,69,Greed
1736467200,50,Neutral
1736553600,69,Greed
1736640000,62,Greed
1736726400,61,Greed
1736812800,63,Greed
1736899200,70,Greed
1736985600,75,Greed
1737072000,75,Greed
1737158400,77,Extreme Greed
1737244800,77,Extreme Greed
1737331200,76,Extreme Greed
1737417600,76,Extreme Greed
1737504000,84,Extreme Greed
1737590400,75,Greed
1737676800,75,Greed
1737763200,75,Greed
1737849600,73,Greed
1737936000,71,Greed
1738022400,72,Greed
1738108800,72,Greed
1738195200,70,Greed
1738281600,76,Extreme Greed
1738368000,68,Greed
1738454400,60,Greed
1738540800,44,Fear
1738627200,72,Greed
1738713600,54,Neutral
1738800000,49,Neutral
1738886400,44,Fear
1738972800,44,Fear
1739059200,46,Fear
1739145600,43,Fear
1739232000,47,Neutral
1739318400,46,Fear
1739404800,50,Neutral
1739491200,48,Neutral
1739577600,50,Neutral
1739664000,54,Neutral
1739750400,51,Neutral
1739836800,47,Neutral
1739923200,44,Fear
1740009600,49,Neutral
1740096000,55,Greed
1740182400,49,Neutral
1740268800,50,Neutral
1740355200,49,Neutral
1740441600,25,Extreme Fear
1740528000,21,Extreme Fear
1740614400,10,Extreme Fear
1740700800,16,Extreme Fear
1740787200,20,Extreme Fear
1740873600,26,Fear
1740960000,33,Fear
1741046400,15,Extreme Fear
1741132800,20,Extreme Fear
1741219200,25,Extreme Fear
1741305600,34,Fear
1741392000,28,Fear
1741478400,27,Fear
1741564800,20,Extreme Fear
1741651200,24,Extreme Fear
1741737600,34,Fear
1741824000,45,Fear
1741910400,27,Fear
1741996800,46,Fear
1742083200,30,Fear
1742169600,32,Fear
1742256000,34,Fear
1742342400,32,Fear
1742428800,49,Neutral
1742515200,31,Fear
1742601600,32,Fear
1742688000,30,Fear
1742774400,45,Fear
1742860800,46,Fear
1742947200,47,Neutral
1743033600,40,Fear
1743120000,44,Fear
1743206400,26,Fear
1743292800,32,Fear
1743379200,34,Fear
1743465600,34,Fear
1743552000,44,Fear
1743638400,25,Extreme Fear
1743724800,28,Fear
1743811200,30,Fear
1743897600,34,Fear
1743984000,23,Extreme Fear
1744070400,24,Extreme Fear
1744156800,18,Extreme Fear
1744243200,39,Fear
1744329600,25,Extreme Fear
1744416000,43,Fear
1744502400,45,Fear
1744588800,31,Fear
1744675200,38,Fear
1744761600,29,Fear
1744848000,30,Fear
1744934400,33,Fear
1745020800,32,Fear
1745107200,37,Fear
1745193600,39,Fear
1745280000,47,Neutral
1745366400,72,Greed
1745452800,63,Greed
1745539200,60,Greed
1745625600,65,Greed
1745712000,61,Greed
1745798400,54,Neutral
1745884800,60,Greed
1745971200,56,Greed
1746057600,53,Neutral
1746144000,67,Greed
1746230400,65,Greed
1746316800,64,Greed
1746403200,52,Neutral
1746489600,59,Greed
1746576000,67,Greed
1746662400,65,Greed
1746748800,73,Greed
1746835200,70,Greed
1746921600,70,Greed
1747008000,70,Greed
1747094400,70,Greed
1747180800,73,Greed
1747267200,70,Greed
1747353600,71,Greed
1747440000,74,Greed
1747526400,74,Greed
1747612800,74,Greed
1747699200,71,Greed
1747785600,70,Greed
1747872000,72,Greed
1747958400,78,Extreme Greed
1748044800,66,Greed
1748131200,74,Greed
1748217600,73,Greed
1748304000,74,Greed
1748390400,71,Greed
1748476800,74,Greed
1748563200,60,Greed
1748649600,50,Neutral
1748736000,56,Greed
1748822400,64,Greed
1748908800,64,Greed
1748995200,62,Greed
1749081600,57,Greed
1749168000,45,Fear
1749254400,52,Neutral
1749340800,62,Greed
1749427200,62,Greed
1749513600,71,Greed
1749600000,72,Greed
1749686400,71,Greed
1749772800,61,Greed
1749859200,63,Greed
1749945600,60,Greed
1750032000,61,Greed
1750118400,68,Greed
1750204800,52,Neutral
1750291200,57,Greed
1750377600,54,Neutral
1750464000,49,Neutral
1750550400,42,Fear
1750636800,47,Neutral
1750723200,65,Greed
1750809600,66,Greed
1750896000,74,Greed
1750982400,65,Greed
1751068800,65,Greed
1751155200,68,Greed
1751241600,66,Greed
1751328000,64,Greed
1751414400,63,Greed
1751500800,73,Greed
1751587200,73,Greed
1751673600,67,Greed
1751760000,66,Greed
1751846400,73,Greed
1751932800,65,Greed
1752019200,66,Greed
1752105600,71,Greed
1752192000,71,Greed
1752278400,79,Extreme Greed
1752364800,74,Greed
1752451200,74,Greed
1752537600,73,Greed
1752624000,70,Greed
1752710400,74,Greed
1752796800,73,Greed
1752883200,74,Greed
1752969600,72,Greed
1753056000,71,Greed
1753142400,72,Greed
1753228800,74,Greed
1753315200,71,Greed
1753401600,70,Greed
1753488000,72,Greed
1753574400,73,Greed
1753660800,75,Greed
1753747200,73,Greed
1753833600,74,Greed
1753920000,72,Greed
1754006400,65,Greed
1754092800,55,Greed
1754179200,53,Neutral
1754265600,64,Greed
1754352000,60,Greed
1754438400,54,Neutral
1754524800,62,Greed
1754611200,74,Greed
1754697600,67,Greed
1754784000,69,Greed
1754870400,70,Greed
1754956800,68,Greed
1755043200,73,Greed
1755129600,75,Greed
1755216000,60,Greed
1755302400,56,Greed
1755388800,64,Greed
1755475200,60,Greed
1755561600,56,Greed
1755648000,44,Fear
1755734400,50,Neutral
1755820800,50,Neutral
1755907200,60,Greed
1755993600,53,Neutral
1756080000,47,Neutral
1756166400,48,Neutral
1756252800,51,Neutral
1756339200,48,Neutral
1756425600,50,Neutral
1756512000,39,Fear
1756598400,48,Neutral
1756684800,46,Fear
1756771200,49,Neutral
1756857600,55,Greed
1756944000,51,Neutral
1757030400,48,Neutral
1757116800,48,Neutral
1757203200,44,Fear
1757289600,51,Neutral
1757376000,48,Neutral
1757462400,49,Neutral
1757548800,54,Neutral
1757635200,57,Greed
1757721600,52,Neutral
1757808000,55,Greed
1757894400,53,Neutral
1757980800,52,Neutral
1758067200,53,Neutral
1758153600,52,Neutral
1758240000,53,Neutral
1758326400,48,Neutral
1758412800,49,Neutral
1758499200,45,Fear
1758585600,43,Fear
1758672000,44,Fear
1758758400,44,Fear
1758844800,28,Fear
1758931200,33,Fear
1759017600,37,Fear
1759104000,50,Neutral
1759190400,50,Neutral
1759276800,49,Neutral
1759363200,64,Greed
1759449600,63,Greed
1759536000,71,Greed
1759622400,74,Greed
1759708800,71,Greed
1759795200,70,Greed
1759881600,60,Greed
1759968000,70,Greed
1760054400,64,Greed
1760140800,27,Fear
1760227200,24,Extreme Fear
1760313600,38,Fear
1760400000,38,Fear
1760486400,34,Fear
1760572800,28,Fear
1760659200,22,Extreme Fear
1760745600,23,Extreme Fear
1760832000,29,Fear
1760918400,29,Fear
1761004800,34,Fear
1761091200,25,Extreme Fear
1761177600,27,Fear
1761264000,30,Fear
1761350400,37,Fear
1761436800,40,Fear
1761523200,51,Neutral
1761609600,50,Neutral
1761696000,51,Neutral
1761782400,34,Fear
1761868800,29,Fear
1761955200,33,Fear
1762041600,37,Fear
1762128000,42,Fear
1762214400,21,Extreme Fear
1762300800,23,Extreme Fear
1762387200,27,Fear
1762473600,24,Extreme Fear
1762560000,20,Extreme Fear
1762646400,22,Extreme Fear
1762732800,29,Fear
1762819200,26,Fear
1762905600,24,Extreme Fear
1762992000,15,Extreme Fear
1763078400,16,Extreme Fear
1763164800,10,Extreme Fear
1763251200,10,Extreme Fear
1763337600,14,Extreme Fear
1763424000,11,Extreme Fear
1763510400,15,Extreme Fear
1763596800,11,Extreme Fear
1763683200,14,Extreme Fear
1763769600,11,Extreme Fear
1763856000,13,Extreme Fear
1763942400,19,Extreme Fear
1764028800,20,Extreme Fear
1764115200,15,Extreme Fear
1764201600,22,Extreme Fear
1764288000,25,Extreme Fear
1764374400,28,Fear
1764460800,28,Fear
1764547200,24,Extreme Fear
1764633600,23,Extreme Fear
1764720000,28,Fear
1764806400,26,Fear
1764892800,28,Fear
1764979200,23,Extreme Fear
1765065600,20,Extreme Fear
1765152000,20,Extreme Fear
1765238400,22,Extreme Fear
1765324800,26,Fear
1765411200,29,Fear
1765497600,29,Fear
1765584000,23,Extreme Fear
1765670400,21,Extreme Fear
1765756800,16,Extreme Fear
1765843200,11,Extreme Fear
1765929600,16,Extreme Fear
1766016000,17,Extreme Fear
1766102400,16,Extreme Fear
1766188800,20,Extreme Fear
1766275200,20,Extreme Fear
1766361600,25,Extreme Fear
1766448000,24,Extreme Fear
1766534400,24,Extreme Fear
1766620800,23,Extreme Fear
1766707200,20,Extreme Fear
1766793600,23,Extreme Fear
1766880000,24,Extreme Fear
1766966400,24,Extreme Fear
1767052800,23,Extreme Fear
1767139200,21,Extreme Fear
1767225600,20,Extreme Fear
1767312000,28,Fear
1767398400,29,Fear
1767484800,25,Extreme Fear
1767571200,26,Fear
1767657600,44,Fear
1767744000,42,Fear
1767830400,28,Fear
1767916800,27,Fear
1768003200,25,Extreme Fear
1768089600,29,Fear
1768176000,27,Fear
1768262400,26,Fear
1768348800,48,Neutral
1768435200,61,Greed
1768521600,49,Neutral
1768608000,50,Neutral
1768694400,49,Neutral
1768780800,44,Fear
1768867200,32,Fear
1768953600,24,Extreme Fear
1769040000,20,Extreme Fear
1769126400,24,Extreme Fear
1769212800,25,Extreme Fear
1769299200,25,Extreme Fear
1769385600,20,Extreme Fear
1769472000,29,Fear
1769558400,29,Fear
1769644800,26,Fear
1769731200,16,Extreme Fear
1769817600,20,Extreme Fear
1769904000,14,Extreme Fear
1769990400,14,Extreme Fear
1770076800,17,Extreme Fear
1770163200,14,Extreme Fear
1770249600,12,Extreme Fear
1770336000,9,Extreme Fear
1770422400,6,Extreme Fear
1770508800,7,Extreme Fear
1770595200,14,Extreme Fear
1770681600,9,Extreme Fear
1770768000,11,Extreme Fear
1770854400,5,Extreme Fear
1770940800,9,Extreme Fear
1771027200,9,Extreme Fear
1771113600,8,Extreme Fear
1771200000,12,Extreme Fear
1771286400,10,Extreme Fear
1771372800,8,Extreme Fear
1771459200,9,Extreme Fear
1771545600,7,Extreme Fear
1771632000,8,Extreme Fear
1771718400,9,Extreme Fear
1771804800,5,Extreme Fear
1771891200,8,Extreme Fear
1771977600,11,Extreme Fear
1772064000,11,Extreme Fear
1772150400,13,Extreme Fear
1772236800,11,Extreme Fear
1772323200,14,Extreme Fear
1772409600,10,Extreme Fear
1772496000,14,Extreme Fear
1772582400,10,Extreme Fear
1772668800,22,Extreme Fear
1772755200,18,Extreme Fear
1772841600,12,Extreme Fear
1772928000,12,Extreme Fear
1773014400,8,Extreme Fear
1773100800,13,Extreme Fear
1773187200,15,Extreme Fear
1773273600,18,Extreme Fear
1773360000,15,Extreme Fear
1773446400,16,Extreme Fear
1773532800,15,Extreme Fear
1773619200,23,Extreme Fear
1773705600,28,Fear
1773792000,26,Fear
1773878400,23,Extreme Fear
1773964800,11,Extreme Fear
1774051200,12,Extreme Fear
1774137600,10,Extreme Fear
1774224000,8,Extreme Fear
1774310400,11,Extreme Fear
1774396800,14,Extreme Fear
1774483200,10,Extreme Fear
1774569600,13,Extreme Fear
1774656000,12,Extreme Fear
1774742400,9,Extreme Fear
1774828800,8,Extreme Fear
1774915200,11,Extreme Fear
1775001600,8,Extreme Fear
1775088000,12,Extreme Fear
1775174400,9,Extreme Fear
1775260800,11,Extreme Fear
1775347200,12,Extreme Fear
1775433600,13,Extreme Fear
1775520000,11,Extreme Fear
1775606400,17,Extreme Fear
1775692800,14,Extreme Fear
1775779200,16,Extreme Fear
1775865600,15,Extreme Fear
1775952000,16,Extreme Fear
1776038400,12,Extreme Fear
1776124800,21,Extreme Fear
1776211200,23,Extreme Fear
1776297600,23,Extreme Fear
1776384000,21,Extreme Fear
1776470400,26,Fear
1776556800,27,Fear
1776643200,29,Fear
1776729600,33,Fear
1776816000,32,Fear
1776902400,46,Fear
1776988800,39,Fear
1777075200,31,Fear
1777161600,33,Fear
1777248000,47,Neutral
1777334400,33,Fear
1777420800,26,Fear
1777507200,29,Fear
1777593600,26,Fear
1777680000,39,Fear
1777766400,47,Neutral
1777852800,40,Fear
1777939200,50,Neutral
1778025600,46,Fear
1778112000,47,Neutral
1778198400,38,Fear
1778284800,38,Fear
1778371200,47,Neutral
1778457600,48,Neutral
1778544000,49,Neutral
1778630400,42,Fear
1778716800,34,Fear
1778803200,43,Fear
1778889600,31,Fear
1778976000,27,Fear
1779062400,28,Fear
1779148800,25,Extreme Fear
1779235200,27,Fear
1779321600,29,Fear
1779408000,28,Fear
1779494400,28,Fear
1779580800,25,Extreme Fear
1779667200,30,Fear
1779753600,34,Fear
1779840000,25,Extreme Fear
1779926400,22,Extreme Fear
1780012800,23,Extreme Fear
1780099200,23,Extreme Fear
1780185600,28,Fear
1780272000,29,Fear
1780358400,23,Extreme Fear
1780444800,11,Extreme Fear
1780531200,12,Extreme Fear
1780617600,12,Extreme Fear
1780704000,12,Extreme Fear
1780790400,12,Extreme Fear
1780876800,8,Extreme Fear
1780963200,10,Extreme Fear
1781049600,9,Extreme Fear
1781136000,12,Extreme Fear
1781222400,12,Extreme Fear
1781308800,13,Extreme Fear
1781395200,18,Extreme Fear
1781481600,20,Extreme Fear
1781568000,23,Extreme Fear
1781654400,22,Extreme Fear
1781740800,15,Extreme Fear
1781827200,14,Extreme Fear
1781913600,23,Extreme Fear
1782000000,23,Extreme Fear
1782086400,20,Extreme Fear
1782172800,23,Extreme Fear
1782259200,17,Extreme Fear
1782345600,12,Extreme Fear
1782432000,13,Extreme Fear
1782518400,15,Extreme Fear
1782604800,18,Extreme Fear
1782691200,12,Extreme Fear
1782777600,15,Extreme Fear
1782864000,11,Extreme Fear
1782950400,19,Extreme Fear
1783036800,21,Extreme Fear
1783123200,22,Extreme Fear
1783209600,23,Extreme Fear
1783296000,24,Extreme Fear
1783382400,27,Fear
1783468800,20,Extreme Fear
1783555200,22,Extreme Fear
1783641600,23,Extreme Fear
1783728000,26,Fear
1783814400,26,Fear
1783900800,28,Fear
1783987200,22,Extreme Fear
1784073600,25,Extreme Fear
1784160000,25,Extreme Fear
1784246400,27,Fear
1784332800,25,Extreme Fear
1784419200,28,Fear
1784505600,29,Fear
1784592000,25,Extreme Fear
1784678400,33,Fear
1784764800,31,Fear
1784851200,28,Fear
1784937600,27,Fear
1785024000,26,Fear
1785110400,30,Fear
1785196800,29,Fear
1785283200,29,Fear
1785369600,28,Fear
1785456000,25,Extreme Fear
1785542400,27,Fear
1785628800,27,Fear
1785715200,28,Fear
1785801600,25,Extreme Fear
1785888000,27,Fear
1785974400,25,Extreme Fear
1786060800,29,Fear
1786147200,30,Fear
1786233600,31,Fear
1786320000,30,Fear
1786406400,29,Fear
1786492800,27,Fear
1786579200,29,Fear
1786665600,29,Fear
1786752000,34,Fear
1786838400,34,Fear
1786924800,31,Fear
1787011200,41,Fear
1787097600,46,Fear
1787184000,62,Greed
1787270400,72,Greed
1787356800,71,Greed
1787443200,66,Greed
1787529600,73,Greed
1787616000,74,Greed
1787702400,65,Greed
1787788800,71,Greed
1787875200,73,Greed
1787961600,68,Greed
1788048000,69,Greed
1788134400,62,Greed
1788220800,69,Greed
1788307200,63,Greed
1788393600,65,Greed
1788480000,74,Greed
1788566400,73,Greed
1788652800,73,Greed
1788739200,71,Greed
1788825600,69,Greed
1788912000,66,Greed
1788998400,69,Greed
1789084800,56,Greed
1789171200,63,Greed
1789257600,61,Greed
1789344000,57,Greed
1789430400,69,Greed
1789516800,51,Neutral
1789603200,50,Neutral
1789689600,56,Greed
1789776000,71,Greed
1789862400,71,Greed
1789948800,70,Greed
1790035200,78,Extreme Greed
1790121600,71,Greed
1790208000,71,Greed
